url,label
https://wordpress.org/contact,0
https://t.co/1Q8osUV,1
http://secure-instagram-login.com/login?ref=0i5ldslcb8qsspye9r1f&id=7609,1
https://www.wikipedia.org/pricing,0
http://google788.top/signin,1
http://paypal.com@181.144.211.251/login,1
http://instagram.com@198.223.185.175/banking,1
http://instagram-signin-support.gq/signin.html,1
https://www.google.com/docs/getting-started,0
https://dropbox.com,0
https://www.figma.com/pricing,0
https://www.google.com/blog/2024/updates,0
https://t.co/Qv2WNl7,1
https://irs.gov/support/help-center,0
http://165.60.117.254/verify/microsoft-account.php,1
https://www.cloudflare.com/about,0
http://secure-amazon-confirm.com/confirm?ref=h350p3cyazbcgjc36oqo&id=6183,1
http://amazon996.ga/password,1
http://secure-paypal-secure.com/secure?ref=gbl2qgv3dr2h2p39yl9u&id=3250,1
https://nasa.gov/en/home,0
http://google-confirm-support.top/confirm.html,1
http://dhl299.tk/signin,1
https://nytimes.com,0
https://www.notion.so,0
https://tinyurl.com/bxSpcRI,1
https://www.figma.com/support/help-center,0
http://secure-google-update.com/update?ref=163yk03o4gkwwjwgabtg&id=2675,1
http://secure-netflix-password.com/password?ref=18kgyggsnpuevjlzfflb&id=5934,1
http://90.221.210.23/signin/microsoft-account.php,1
https://www.who.int/search?q=news,0
http://secure-google-account.com/account?ref=suudqfj6ijkuuhclrr6z&id=2562,1
https://www.mozilla.org/support/help-center,0
https://tinyurl.com/eRzWGJk,1
https://www.cloudflare.com/contact,0
https://www.figma.com/pricing,0
https://reddit.com/about,0
https://www.linkedin.com/contact,0
https://www.notion.so/support/help-center,0
https://www.reddit.com,0
http://secure-netflix-account.com/account?ref=8ags6e1zhwy9hecgz938&id=6236,1
http://secure-bankofamerica-confirm.com/confirm?ref=2cwt04chsdingxu8uu01&id=6864,1
https://www.reddit.com/en/home,0
http://dhl904.ga/update,1
https://un.org/en/home,0
http://netflix-webscr-support.gq/webscr.html,1
http://120.81.105.31/secure/wellsfargo-account.php,1
https://www.dropbox.com/careers,0
https://www.stackoverflow.com/contact,0
https://www.nytimes.com/support/help-center,0
https://www.wikipedia.org/blog/2024/updates,0
http://amazon.com@235.137.164.91/login,1
https://www.dropbox.com/docs/getting-started,0
http://secure-google-password.com/password?ref=ertb74rs7gu0env5sn96&id=5067,1
https://www.spotify.com/support/help-center,0
https://harvard.edu/about,0
https://github.com/search?q=news,0
http://secure-dhl-confirm.com/confirm?ref=6fvdhr59c81do6ouz1eg&id=7254,1
https://www.wikipedia.org/careers,0
http://netflix755.tk/password,1
https://www.un.org/en/home,0
http://chase820.club/account,1
https://www.wikipedia.org/search?q=news,0
http://44.22.128.217/login/dhl-account.php,1
https://www.notion.so/about,0
https://spotify.com/docs/getting-started,0
http://instagram77.tk/account,1
https://www.mozilla.org/pricing,0
https://www.dropbox.com/pricing,0
https://www.wordpress.org/careers,0
https://www.spotify.com,0
http://bankofamerica189.xyz/password,1
http://chase.com@149.88.168.166/banking,1
https://www.stackoverflow.com/careers,0
http://apple828.cf/secure,1
http://wellsfargo.com@207.47.227.157/signin,1
https://www.python.org/support/help-center,0
https://www.who.int/news/latest,0
http://121.94.99.236/update/paypal-account.php,1
https://ow.ly/Em5uaP4,1
http://238.154.112.23/secure/wellsfargo-account.php,1
https://netflix.com/pricing,0
https://www.cloudflare.com/contact,0
https://github.com/pricing,0
http://secure-usps-update.com/update?ref=0imjyjcmrsezytkw2837&id=2075,1
https://github.com/docs/getting-started,0
https://www.apple.com/support/help-center,0
https://nasa.gov/pricing,0
http://190.67.186.207/signin/apple-account.php,1
https://www.netflix.com,0
https://bit.ly/vQLJOH8,1
https://www.stackoverflow.com/contact,0
https://www.wordpress.org/news/latest,0
http://paypal868.club/password,1
http://wellsfargo-verify-support.club/verify.html,1
https://www.who.int/about,0
http://usps864.top/verify,1
http://wellsfargo-secure-support.gq/secure.html,1
http://apple-password-support.gq/password.html,1
https://www.amazon.com/careers,0
https://www.un.org/news/latest,0
https://nasa.gov/docs/getting-started,0
https://www.linkedin.com/blog/2024/updates,0
https://www.apple.com/search?q=news,0
https://www.microsoft.com/blog/2024/updates,0
http://secure-paypal-update.com/update?ref=m38kszbffzzdvg7oq2zd&id=7790,1
https://www.un.org/blog/2024/updates,0
http://34.24.209.206/signin/facebook-account.php,1
https://www.bbc.co.uk/careers,0
https://figma.com/contact,0
http://secure-usps-login.com/login?ref=68rervt997e4uny181ac&id=5295,1
https://www.cloudflare.com/about,0
https://www.who.int/about,0
http://secure-chase-signin.com/signin?ref=u118qqvaecw9yil8sa3i&id=2523,1
https://t.co/uVLSwCg,1
https://bit.ly/oRytxxH,1
http://13.196.2.106/verify/instagram-account.php,1
https://www.dropbox.com/news/latest,0
https://nasa.gov/contact,0
https://github.com/en/home,0
http://paypal-secure-support.top/secure.html,1
https://wordpress.org/contact,0
https://netflix.com/careers,0
https://reddit.com,0
https://www.dropbox.com/support/help-center,0
https://www.mozilla.org/search?q=news,0
http://paypal-secure-support.top/secure.html,1
https://www.netflix.com/support/help-center,0
https://www.netflix.com/about,0
https://reddit.com/docs/getting-started,0
https://www.python.org/pricing,0
https://www.irs.gov/pricing,0
https://www.microsoft.com/news/latest,0
http://50.83.132.22/account/instagram-account.php,1
http://netflix-banking-support.top/banking.html,1
https://is.gd/c5t7KUS,1
http://facebook.com@94.157.71.254/confirm,1
http://secure-chase-verify.com/verify?ref=sk7n8la100qxmcthphj3&id=6533,1
https://www.wikipedia.org/support/help-center,0
https://www.cloudflare.com/about,0
https://www.nytimes.com/careers,0
http://chase-banking-support.top/banking.html,1
https://www.un.org/products,0
http://dhl-login-support.tk/login.html,1
https://github.com/support/help-center,0
http://instagram.com@45.213.200.176/banking,1
https://www.harvard.edu/support/help-center,0
http://instagram.com@231.86.168.23/secure,1
http://secure-wellsfargo-secure.com/secure?ref=3gr94sz2kuuoyc3rwqmm&id=5222,1
http://instagram-confirm-support.tk/confirm.html,1
https://www.github.com/news/latest,0
https://www.notion.so/blog/2024/updates,0
http://chase-webscr-support.xyz/webscr.html,1
https://harvard.edu/about,0
https://www.notion.so,0
https://www.who.int/products,0
https://www.amazon.com/support/help-center,0
http://187.253.34.55/update/netflix-account.php,1
https://netflix.com/en/home,0
https://tinyurl.com/5TFIuAC,1
http://46.113.18.126/account/microsoft-account.php,1
http://google75.xyz/password,1
http://secure-usps-webscr.com/webscr?ref=uw6taq6ulm9kgzvk2jwu&id=1845,1
https://www.bbc.co.uk/blog/2024/updates,0
https://www.wikipedia.org,0
https://www.irs.gov/support/help-center,0
http://apple.com@172.90.8.24/update,1
http://amazon627.tk/banking,1
https://www.spotify.com/products,0
https://www.figma.com/about,0
http://instagram.com@224.248.38.189/password,1
http://secure-microsoft-update.com/update?ref=eecy2c11bd2scejcy127&id=4365,1
http://107.178.207.203/password/microsoft-account.php,1
https://harvard.edu/en/home,0
http://usps-signin-support.top/signin.html,1
https://www.nytimes.com/careers,0
https://www.nasa.gov/blog/2024/updates,0
https://www.stackoverflow.com/about,0
http://49.135.175.128/webscr/chase-account.php,1
https://www.dropbox.com/about,0
https://www.netflix.com/about,0
http://chase.com@68.99.168.125/banking,1
https://github.com/products,0
http://144.207.164.55/banking/bankofamerica-account.php,1
https://www.who.int/docs/getting-started,0
https://www.notion.so/en/home,0
https://un.org/careers,0
https://www.notion.so/news/latest,0
https://www.stackoverflow.com/docs/getting-started,0
https://bit.ly/MZb5jC9,1
https://harvard.edu/careers,0
https://www.dropbox.com/blog/2024/updates,0
http://netflix268.gq/secure,1
https://www.wordpress.org/search?q=news,0
http://151.181.235.37/login/apple-account.php,1
https://bit.ly/vTMVTuc,1
https://www.github.com/en/home,0
https://goo.gl/G6FVlfU,1
http://secure-usps-secure.com/secure?ref=qcootnjlcqnt3bnvbc2v&id=4555,1
http://microsoft.com@135.148.160.91/banking,1
https://www.wikipedia.org/docs/getting-started,0
https://goo.gl/8iwItCq,1
http://facebook.com@140.47.175.197/update,1
http://netflix-verify-support.cf/verify.html,1
https://www.mozilla.org,0
http://bankofamerica105.ga/confirm,1
http://microsoft112.ml/secure,1
https://www.mozilla.org/search?q=news,0
https://www.cloudflare.com/news/latest,0
http://wellsfargo317.tk/verify,1
http://wellsfargo-verify-support.club/verify.html,1
https://www.microsoft.com/blog/2024/updates,0
http://dhl106.ml/verify,1
http://52.188.96.244/login/google-account.php,1
https://github.com/search?q=news,0
http://secure-chase-update.com/update?ref=3zrrhf4abufwbucjg8vu&id=1305,1
http://paypal818.top/account,1
https://www.who.int/news/latest,0
http://google.com@165.44.152.242/verify,1
https://www.bbc.co.uk/news/latest,0
https://www.github.com/search?q=news,0
https://irs.gov/pricing,0
http://bankofamerica758.cf/login,1
https://www.dropbox.com/pricing,0
https://www.wordpress.org/news/latest,0
https://bit.ly/xkJ71OQ,1
http://amazon-account-support.ga/account.html,1
http://facebook-password-support.club/password.html,1
http://wellsfargo.com@137.248.214.208/account,1
https://wikipedia.org/careers,0
https://bit.ly/VBnATOp,1
https://www.spotify.com/products,0
http://secure-amazon-signin.com/signin?ref=qyzqii4w6ozx25qbrmqg&id=6711,1
https://github.com/search?q=news,0
http://secure-amazon-signin.com/signin?ref=f1hx6zdcujq6fx7xjz6u&id=9444,1
http://paypal-webscr-support.xyz/webscr.html,1
https://who.int/docs/getting-started,0
https://www.reddit.com,0
https://www.wikipedia.org/about,0
https://www.dropbox.com/about,0
https://www.stackoverflow.com/blog/2024/updates,0
http://apple406.top/secure,1
https://www.github.com/pricing,0
http://apple.com@131.27.104.210/password,1
https://figma.com/en/home,0
https://www.wikipedia.org/about,0
http://secure-chase-login.com/login?ref=uxbgk2wbxanj4x5a5xin&id=2631,1
http://google316.xyz/signin,1
http://microsoft-account-support.club/account.html,1
http://secure-google-verify.com/verify?ref=orvscyozpnamlquh50op&id=3683,1
https://www.github.com/blog/2024/updates,0
https://t.co/d5ASExA,1
http://google26.gq/account,1
http://instagram.com@183.129.197.107/account,1
https://github.com/en/home,0
https://www.who.int/news/latest,0
https://is.gd/d9n0Xv0,1
http://secure-wellsfargo-signin.com/signin?ref=w6ahf7vp1ieixwc4rtwu&id=3352,1
https://www.bbc.co.uk/contact,0
http://microsoft578.ga/verify,1
https://www.stackoverflow.com/pricing,0
https://www.microsoft.com/blog/2024/updates,0
https://www.nytimes.com/blog/2024/updates,0
https://www.nasa.gov/news/latest,0
http://paypal869.tk/password,1
https://python.org/about,0
http://188.48.227.5/webscr/chase-account.php,1
https://www.reddit.com/en/home,0
https://www.un.org/blog/2024/updates,0
https://www.amazon.com/search?q=news,0
http://apple.com@169.160.185.231/secure,1
https://www.netflix.com,0
https://mozilla.org/support/help-center,0
http://197.130.9.109/signin/dhl-account.php,1
https://microsoft.com/pricing,0
https://www.google.com,0
https://bit.ly/WMGAzjK,1
http://secure-usps-account.com/account?ref=0arec2jwjj0v60xng2ig&id=9640,1
https://irs.gov/search?q=news,0
http://chase.com@201.183.92.123/login,1
https://www.linkedin.com/search?q=news,0
http://chase-password-support.tk/password.html,1
https://dropbox.com/docs/getting-started,0
http://wellsfargo.com@198.161.169.54/update,1
https://www.spotify.com/en/home,0
http://126.100.17.203/password/netflix-account.php,1
https://www.dropbox.com/en/home,0
http://wellsfargo.com@224.218.189.187/password,1
https://python.org,0
http://secure-bankofamerica-signin.com/signin?ref=b1ijiys2n75bxd8wj0uu&id=7171,1
https://t.co/M0JyK1U,1
http://bankofamerica.com@41.66.198.27/secure,1
http://facebook-account-support.xyz/account.html,1
http://secure-wellsfargo-password.com/password?ref=xatoaztkszp7g7siwjm2&id=2294,1
http://secure-facebook-account.com/account?ref=vylienfnvuprt77ggkg4&id=1878,1
http://146.155.28.238/login/microsoft-account.php,1
https://spotify.com/docs/getting-started,0
http://netflix-account-support.tk/account.html,1
https://www.harvard.edu/en/home,0
https://www.dropbox.com/careers,0
https://apple.com/blog/2024/updates,0
http://secure-paypal-banking.com/banking?ref=dicvwv8lw2qitngvn1ki&id=2204,1
http://200.26.202.74/verify/facebook-account.php,1
https://www.irs.gov/products,0
https://www.figma.com/news/latest,0
https://www.github.com/about,0
http://132.102.254.209/banking/microsoft-account.php,1
https://www.stackoverflow.com,0
https://microsoft.com/pricing,0
https://dropbox.com/about,0
https://www.spotify.com/news/latest,0
https://bit.ly/zlPLQKW,1
https://www.mozilla.org/docs/getting-started,0
http://apple.com@50.230.216.65/signin,1
http://secure-dhl-account.com/account?ref=ajahcpztc69qkgex08n6&id=8348,1
https://mozilla.org/products,0
https://www.who.int/blog/2024/updates,0
https://linkedin.com/contact,0
http://198.148.68.167/login/instagram-account.php,1
https://reddit.com/careers,0
http://wellsfargo.com@81.46.247.102/update,1
https://www.cloudflare.com/news/latest,0
http://secure-paypal-update.com/update?ref=ej9c0uu5wryesu4fcl5e&id=3675,1
http://amazon-signin-support.tk/signin.html,1
https://figma.com/contact,0
https://www.harvard.edu/careers,0
https://www.netflix.com/careers,0
https://github.com/docs/getting-started,0
http://bankofamerica-update-support.xyz/update.html,1
https://www.github.com/pricing,0
https://www.microsoft.com/blog/2024/updates,0
https://bbc.co.uk/about,0
https://who.int/support/help-center,0
http://secure-instagram-password.com/password?ref=ypuplvqexuyhey66p61x&id=3589,1
https://www.stackoverflow.com/docs/getting-started,0
http://119.84.143.25/password/facebook-account.php,1
http://amazon766.cf/confirm,1
https://www.harvard.edu/en/home,0
https://microsoft.com/products,0
https://nytimes.com/support/help-center,0
https://bit.ly/XQ8DkPc,1
https://www.reddit.com/products,0
https://python.org/docs/getting-started,0
https://www.linkedin.com/contact,0
http://secure-dhl-verify.com/verify?ref=y0mahym2zbppfo5mn32u&id=4695,1
https://www.linkedin.com/about,0
http://wellsfargo.com@209.5.95.85/account,1
http://dhl-signin-support.xyz/signin.html,1
https://www.who.int/pricing,0
https://harvard.edu/contact,0
https://www.wordpress.org/support/help-center,0
http://secure-chase-webscr.com/webscr?ref=i22kx7n89ltajw2536zx&id=9955,1
https://apple.com/search?q=news,0
https://tinyurl.com/xY2NPeI,1
https://www.linkedin.com/news/latest,0
https://is.gd/e5OUnZq,1
http://amazon.com@179.48.65.76/secure,1
http://dhl204.tk/update,1
https://www.wordpress.org/about,0
https://www.microsoft.com/docs/getting-started,0
http://secure-amazon-webscr.com/webscr?ref=gv6tolaq665dlxzf0dzw&id=2397,1
https://www.un.org/search?q=news,0
http://247.190.31.192/update/netflix-account.php,1
http://bankofamerica600.gq/banking,1
http://paypal-login-support.top/login.html,1
https://www.cloudflare.com/products,0
https://www.amazon.com/products,0
http://56.238.157.117/confirm/apple-account.php,1
https://www.spotify.com/en/home,0
http://usps.com@254.130.142.6/webscr,1
http://wellsfargo93.tk/banking,1
http://secure-amazon-login.com/login?ref=lekvl9ptk4gc4ryg9rdp&id=2392,1
http://secure-dhl-login.com/login?ref=7sjwh55hewlgje2ab2rv&id=7084,1
http://secure-paypal-verify.com/verify?ref=rkz40aq15o2nqw4c6lbp&id=5420,1
https://www.un.org/products,0
https://www.harvard.edu/docs/getting-started,0
https://is.gd/FWBeMC7,1
https://ow.ly/aS550DR,1
https://www.who.int/pricing,0
https://www.netflix.com/contact,0
http://secure-chase-login.com/login?ref=7f6fdhgzz0jkibu4fmpk&id=8869,1
http://246.19.96.181/webscr/bankofamerica-account.php,1
https://www.notion.so/support/help-center,0
http://instagram-login-support.club/login.html,1
https://www.wikipedia.org/products,0
https://stackoverflow.com/search?q=news,0
https://www.apple.com/about,0
https://t.co/JVEFJqH,1
http://205.224.138.48/password/amazon-account.php,1
https://goo.gl/wn7DC9x,1
https://stackoverflow.com/pricing,0
https://stackoverflow.com/support/help-center,0
https://www.nytimes.com/contact,0
https://stackoverflow.com/contact,0
https://www.google.com/contact,0
http://chase-banking-support.top/banking.html,1
https://www.microsoft.com,0
https://www.spotify.com/en/home,0
https://www.stackoverflow.com/en/home,0
http://instagram587.club/webscr,1
https://bit.ly/6F7nvdE,1
https://www.microsoft.com/docs/getting-started,0
http://126.238.228.214/update/instagram-account.php,1
https://www.stackoverflow.com/about,0
https://www.dropbox.com/pricing,0
https://www.nytimes.com/support/help-center,0
https://dropbox.com/docs/getting-started,0
http://dhl839.ml/account,1
https://www.notion.so/pricing,0
https://www.python.org,0
https://www.netflix.com/en/home,0
https://www.spotify.com/news/latest,0
https://www.who.int/about,0
https://www.stackoverflow.com/careers,0
https://www.un.org/support/help-center,0
https://netflix.com/support/help-center,0
https://www.amazon.com/news/latest,0
http://usps.com@199.51.188.231/signin,1
https://www.stackoverflow.com/search?q=news,0
http://secure-dhl-update.com/update?ref=sotn9uzeryf0992qc6dr&id=2279,1
https://figma.com/about,0
https://linkedin.com/pricing,0
https://python.org/search?q=news,0
http://google357.club/update,1
https://www.spotify.com/news/latest,0
https://www.irs.gov/contact,0
http://chase.com@4.75.106.100/banking,1
https://t.co/p1juJtV,1
https://spotify.com/products,0
http://instagram.com@145.27.240.128/update,1
https://t.co/GRLgTM9,1
http://49.36.10.50/signin/dhl-account.php,1
https://www.bbc.co.uk/products,0
https://www.google.com/search?q=news,0
http://netflix-banking-support.top/banking.html,1
https://www.stackoverflow.com/products,0
https://reddit.com,0
http://paypal.com@23.72.99.36/signin,1
https://www.wordpress.org,0
https://www.linkedin.com/careers,0
https://www.cloudflare.com,0
http://secure-paypal-secure.com/secure?ref=02u1g463sdygfliji18k&id=1187,1
https://www.irs.gov/careers,0
http://chase-password-support.top/password.html,1
https://figma.com/docs/getting-started,0
http://248.38.153.240/banking/amazon-account.php,1
http://wellsfargo.com@145.15.144.119/confirm,1
http://chase421.cf/secure,1
http://secure-google-confirm.com/confirm?ref=b8z3v6dixfwuxx8l2ddh&id=9499,1
https://www.mozilla.org/search?q=news,0
https://www.notion.so/en/home,0
https://www.python.org/careers,0
http://bankofamerica-webscr-support.tk/webscr.html,1
https://www.netflix.com/docs/getting-started,0
https://www.google.com/contact,0
https://ow.ly/Oc6lbgl,1
https://www.figma.com/en/home,0
http://wellsfargo339.tk/banking,1
http://secure-apple-confirm.com/confirm?ref=vg6v5t1dx6ta7ypp5zp7&id=8899,1
https://www.nytimes.com/en/home,0
http://162.199.55.222/update/instagram-account.php,1
http://secure-bankofamerica-verify.com/verify?ref=uckqviifrchyp9umygy0&id=8972,1
http://chase.com@57.193.148.33/account,1
http://bankofamerica-update-support.tk/update.html,1
http://amazon-account-support.tk/account.html,1
http://microsoft72.top/secure,1
https://bit.ly/ZsKETnX,1
https://www.apple.com/news/latest,0
https://t.co/NhbxKl1,1
http://facebook-banking-support.ga/banking.html,1
http://75.60.209.235/secure/google-account.php,1
https://www.wordpress.org/blog/2024/updates,0
https://ow.ly/q6Q4EmT,1
http://microsoft.com@10.193.166.49/signin,1
https://www.reddit.com/en/home,0
https://www.stackoverflow.com/en/home,0
https://www.dropbox.com/blog/2024/updates,0
https://www.microsoft.com/docs/getting-started,0
https://www.wikipedia.org/products,0
http://google-webscr-support.xyz/webscr.html,1
https://www.github.com/blog/2024/updates,0
https://amazon.com/support/help-center,0
http://211.161.38.214/confirm/netflix-account.php,1
https://www.wikipedia.org/products,0
https://t.co/wsIkL01,1
https://www.who.int/pricing,0
http://secure-paypal-password.com/password?ref=wwbslulzfy981udp2fmr&id=1807,1
https://www.notion.so/docs/getting-started,0
https://www.linkedin.com/products,0
http://paypal-login-support.ml/login.html,1
https://www.netflix.com/news/latest,0
https://www.reddit.com,0
http://secure-amazon-webscr.com/webscr?ref=a7yvdqbsxlul6lgjlpef&id=5483,1
https://www.wikipedia.org/contact,0
https://www.un.org/blog/2024/updates,0
http://apple327.tk/account,1
http://168.5.27.104/signin/dhl-account.php,1
https://is.gd/BafanAW,1
https://ow.ly/uaQvSMb,1
https://tinyurl.com/AMdGiZC,1
http://62.85.249.72/signin/bankofamerica-account.php,1
https://www.harvard.edu/products,0
http://wellsfargo-login-support.xyz/login.html,1
https://irs.gov/careers,0
http://46.126.233.177/account/chase-account.php,1
http://facebook518.ml/verify,1
http://apple.com@28.158.190.151/account,1
http://131.236.53.250/account/amazon-account.php,1
https://tinyurl.com/iZbP1uD,1
https://www.harvard.edu/docs/getting-started,0
http://54.144.84.170/secure/google-account.php,1
http://microsoft-confirm-support.club/confirm.html,1
http://facebook201.club/password,1
http://amazon488.ga/banking,1
https://amazon.com/careers,0
http://235.204.242.30/banking/chase-account.php,1
http://secure-apple-webscr.com/webscr?ref=fh4gg24479qtkcd0rlex&id=2639,1
http://198.229.116.118/password/amazon-account.php,1
https://www.un.org/about,0
https://www.harvard.edu/careers,0
https://www.microsoft.com/careers,0
http://143.102.142.84/verify/chase-account.php,1
https://www.who.int/about,0
https://www.notion.so/products,0
http://amazon839.ml/signin,1
http://apple-account-support.ga/account.html,1
http://secure-dhl-password.com/password?ref=mzwffhhcmktlzkj49yd8&id=7743,1
http://google124.ga/login,1
https://www.google.com,0
http://secure-facebook-confirm.com/confirm?ref=dkef828xg8y72ivglye0&id=7415,1
https://www.nytimes.com/products,0
https://bbc.co.uk/search?q=news,0
http://dhl.com@119.242.182.54/login,1
https://mozilla.org/products,0
https://bit.ly/tWSNrwQ,1
https://www.who.int/pricing,0
http://google.com@114.35.249.243/account,1
https://www.amazon.com/blog/2024/updates,0
https://www.nasa.gov/contact,0
http://dhl571.gq/banking,1
https://www.figma.com/docs/getting-started,0
https://www.netflix.com/en/home,0
https://www.apple.com/search?q=news,0
http://34.92.76.62/confirm/netflix-account.php,1
https://bit.ly/Il98M19,1
http://paypal-verify-support.ga/verify.html,1
https://ow.ly/fm7ISc5,1
https://www.apple.com/search?q=news,0
https://www.nasa.gov/news/latest,0
https://nasa.gov,0
http://microsoft189.top/secure,1
http://chase-login-support.tk/login.html,1
http://dhl-secure-support.xyz/secure.html,1
http://usps971.ga/signin,1
https://www.stackoverflow.com/en/home,0
https://www.python.org/contact,0
http://wellsfargo-account-support.cf/account.html,1
https://www.dropbox.com/en/home,0
https://www.wordpress.org/careers,0
https://bit.ly/KuhizRI,1
https://www.spotify.com/search?q=news,0
https://www.google.com/en/home,0
http://wellsfargo249.tk/login,1
https://www.nasa.gov/support/help-center,0
https://www.notion.so/support/help-center,0
https://t.co/We9DyF5,1
http://217.118.159.45/banking/bankofamerica-account.php,1
https://mozilla.org/search?q=news,0
http://208.15.117.34/webscr/wellsfargo-account.php,1
http://netflix656.ga/secure,1
https://www.wordpress.org/en/home,0
http://apple.com@244.24.200.131/signin,1
http://bankofamerica980.gq/update,1
https://www.irs.gov/pricing,0
http://117.96.16.159/update/google-account.php,1
https://www.apple.com/blog/2024/updates,0
https://www.who.int/careers,0
https://www.who.int/careers,0
http://google485.cf/verify,1
http://instagram.com@92.130.77.217/signin,1
http://dhl.com@152.66.13.94/password,1
https://www.nytimes.com/careers,0
https://irs.gov/support/help-center,0
https://www.wordpress.org/search?q=news,0
https://www.wordpress.org/news/latest,0
https://dropbox.com/careers,0
http://144.132.27.53/login/facebook-account.php,1
https://t.co/7NEkXkS,1
https://www.dropbox.com/pricing,0
http://instagram831.ga/signin,1
https://t.co/acrbi3a,1
https://www.figma.com/blog/2024/updates,0
http://google-verify-support.ga/verify.html,1
https://cloudflare.com/docs/getting-started,0
http://bankofamerica-confirm-support.ga/confirm.html,1
https://nytimes.com/careers,0
https://wordpress.org/support/help-center,0
http://bankofamerica.com@234.187.235.207/account,1
http://bankofamerica-confirm-support.xyz/confirm.html,1
http://dhl407.cf/update,1
https://is.gd/R0BsiWk,1
http://chase393.club/confirm,1
https://www.python.org/docs/getting-started,0
http://amazon395.cf/login,1
http://secure-bankofamerica-update.com/update?ref=obk3g84utdd2ec2ihoy7&id=2376,1
https://linkedin.com/docs/getting-started,0
https://www.linkedin.com/search?q=news,0
http://103.91.172.102/account/usps-account.php,1
http://secure-apple-account.com/account?ref=2dg1wjuiiymyrsvzn4re&id=4166,1
https://www.nasa.gov/careers,0
https://www.reddit.com/blog/2024/updates,0
https://www.microsoft.com/news/latest,0
http://bankofamerica-webscr-support.gq/webscr.html,1
https://www.reddit.com/contact,0
http://netflix.com@140.134.193.67/update,1
https://www.nytimes.com/contact,0
http://microsoft.com@22.103.129.112/confirm,1
https://www.linkedin.com/contact,0
http://wellsfargo-login-support.top/login.html,1
http://chase-verify-support.top/verify.html,1
https://wordpress.org/careers,0
http://secure-chase-webscr.com/webscr?ref=t3imj70e3p15ahdbvzb0&id=7590,1
https://www.nasa.gov/docs/getting-started,0
https://www.nytimes.com,0
http://instagram-login-support.gq/login.html,1
http://bankofamerica.com@234.145.129.83/signin,1
http://98.183.201.163/account/apple-account.php,1
http://amazon-secure-support.tk/secure.html,1
https://www.nytimes.com/careers,0
http://instagram.com@209.153.198.210/verify,1
https://www.figma.com/careers,0
https://www.netflix.com,0
http://microsoft-banking-support.gq/banking.html,1
http://secure-amazon-secure.com/secure?ref=aearms3jn050e6mpsj9w&id=9128,1
https://notion.so/support/help-center,0
http://164.78.228.131/password/facebook-account.php,1
https://www.nytimes.com/careers,0
https://amazon.com/pricing,0
https://www.cloudflare.com,0
https://bbc.co.uk/contact,0
https://www.figma.com/pricing,0
https://www.bbc.co.uk/blog/2024/updates,0
https://www.apple.com/support/help-center,0
http://113.107.124.119/login/apple-account.php,1
https://www.github.com/docs/getting-started,0
http://microsoft-signin-support.ml/signin.html,1
https://www.google.com/about,0
https://who.int/news/latest,0
http://apple709.club/banking,1
http://wellsfargo.com@10.45.71.104/password,1
http://200.41.5.226/password/chase-account.php,1
http://paypal58.xyz/login,1
https://www.github.com/support/help-center,0
http://google846.tk/login,1
http://secure-facebook-banking.com/banking?ref=bz8uug95rlrdihsa7hez&id=6301,1
http://secure-google-webscr.com/webscr?ref=lzrk79ufu6py06ftlo4q&id=2515,1
http://dhl-secure-support.ga/secure.html,1
http://15.168.90.10/secure/apple-account.php,1
https://stackoverflow.com/about,0
https://goo.gl/BJ8QYSX,1
https://bit.ly/1uhw3U3,1
https://tinyurl.com/God1Yzt,1
https://www.google.com/careers,0
https://nytimes.com/support/help-center,0
http://netflix-webscr-support.top/webscr.html,1
https://www.netflix.com,0
http://apple579.ml/signin,1
http://apple.com@219.76.16.95/confirm,1
https://www.linkedin.com/blog/2024/updates,0
https://www.nytimes.com/search?q=news,0
https://github.com/about,0
http://apple248.gq/signin,1
https://www.stackoverflow.com,0
https://www.mozilla.org/careers,0
https://www.irs.gov/en/home,0
https://amazon.com/news/latest,0
http://secure-netflix-secure.com/secure?ref=u4bj3bqrr87iyojtpk2n&id=6172,1
http://netflix-secure-support.xyz/secure.html,1
http://wellsfargo.com@131.109.142.210/secure,1
https://www.bbc.co.uk/products,0
http://amazon.com@134.2.97.168/webscr,1
https://www.stackoverflow.com/products,0
http://secure-dhl-account.com/account?ref=jxjq5nv8oga0x7zcgdc5&id=9985,1
https://www.dropbox.com/search?q=news,0
https://www.python.org/en/home,0
https://www.irs.gov/en/home,0
https://www.cloudflare.com/search?q=news,0
https://www.nytimes.com/en/home,0
https://bit.ly/lBIzbvf,1
https://www.spotify.com/search?q=news,0
https://www.cloudflare.com/blog/2024/updates,0
https://goo.gl/CizRUsR,1
https://www.mozilla.org/blog/2024/updates,0
http://facebook-account-support.gq/account.html,1
https://wordpress.org/news/latest,0
https://www.linkedin.com/about,0
https://www.nasa.gov/en/home,0
http://wellsfargo-account-support.top/account.html,1
http://usps.com@54.116.79.119/banking,1
https://www.who.int/about,0
https://wordpress.org,0
http://dhl.com@203.250.131.157/confirm,1
http://bankofamerica512.tk/webscr,1
http://microsoft433.ml/update,1
https://www.dropbox.com/careers,0
https://www.wikipedia.org/news/latest,0
https://www.who.int/pricing,0
https://www.stackoverflow.com/pricing,0
https://www.spotify.com/blog/2024/updates,0
http://208.182.30.6/account/paypal-account.php,1
http://secure-apple-password.com/password?ref=utios5hrqap5ipi7866p&id=1724,1
https://www.apple.com/docs/getting-started,0
https://ow.ly/4Iejsqw,1
http://secure-dhl-password.com/password?ref=u9ymszdximyn4u9bxf44&id=3709,1
https://linkedin.com/contact,0
http://microsoft495.gq/webscr,1
http://secure-chase-secure.com/secure?ref=wph6fe0mp2ixivzk7a45&id=4366,1
https://bbc.co.uk/en/home,0
https://www.wordpress.org/support/help-center,0
http://2.243.102.86/secure/microsoft-account.php,1
https://www.netflix.com/news/latest,0
http://116.152.110.100/password/netflix-account.php,1
http://bankofamerica645.ga/account,1
https://www.github.com/products,0
http://facebook-secure-support.tk/secure.html,1
http://netflix.com@146.48.140.90/signin,1
https://ow.ly/30pNIhs,1
http://95.21.156.10/account/netflix-account.php,1
http://bankofamerica.com@212.217.176.205/banking,1
https://www.bbc.co.uk/docs/getting-started,0
http://177.61.13.191/confirm/bankofamerica-account.php,1
https://www.irs.gov,0
https://tinyurl.com/mMsvP8O,1
https://www.mozilla.org/blog/2024/updates,0
http://241.193.149.224/signin/dhl-account.php,1
https://www.notion.so/search?q=news,0
https://t.co/LfB4zEG,1
https://www.mozilla.org/news/latest,0
https://www.python.org/pricing,0
http://apple994.tk/banking,1
https://github.com/products,0
https://www.spotify.com/en/home,0
http://dhl-verify-support.club/verify.html,1
http://netflix718.top/confirm,1
https://www.who.int/products,0
https://www.who.int/support/help-center,0
https://www.mozilla.org/pricing,0
https://github.com/contact,0
http://apple-secure-support.ga/secure.html,1
https://www.dropbox.com/about,0
https://bit.ly/Hl2BpSO,1
http://netflix.com@55.231.223.178/login,1
https://is.gd/QfJZaGx,1
https://cloudflare.com,0
https://is.gd/HE60Dlg,1
http://usps354.ga/signin,1
https://goo.gl/8VcvCk5,1
https://www.linkedin.com,0
https://www.apple.com/support/help-center,0
https://google.com/en/home,0
https://www.wikipedia.org/search?q=news,0
https://www.spotify.com/about,0
https://ow.ly/2icJyHf,1
http://apple356.club/webscr,1
http://paypal40.tk/webscr,1
http://amazon-signin-support.ml/signin.html,1
http://instagram-signin-support.ml/signin.html,1
https://who.int/news/latest,0
http://chase-banking-support.xyz/banking.html,1
http://bankofamerica-webscr-support.top/webscr.html,1
https://netflix.com/careers,0
http://apple.com@156.229.132.36/signin,1
http://145.224.169.221/secure/bankofamerica-account.php,1
http://secure-dhl-banking.com/banking?ref=boriq8hke226parsg70s&id=6363,1
http://57.186.73.65/signin/bankofamerica-account.php,1
https://www.harvard.edu/blog/2024/updates,0
http://facebook505.xyz/banking,1
https://is.gd/Pmmk7BM,1
https://www.netflix.com/docs/getting-started,0
https://www.python.org/blog/2024/updates,0
http://instagram.com@107.97.116.20/account,1
https://www.linkedin.com/about,0
http://9.71.58.138/update/microsoft-account.php,1
http://secure-amazon-password.com/password?ref=1vzc7d2kd1poxrteo2t8&id=3360,1
https://www.who.int/docs/getting-started,0
https://amazon.com/en/home,0
http://paypal184.tk/verify,1
https://www.spotify.com/about,0
https://www.notion.so/pricing,0
http://apple309.gq/secure,1
http://225.140.105.66/account/facebook-account.php,1
https://wikipedia.org/pricing,0
http://secure-chase-confirm.com/confirm?ref=wszv83xphx2kbvsigbia&id=3579,1
http://wellsfargo327.club/verify,1
https://www.dropbox.com/about,0
http://88.59.81.82/verify/apple-account.php,1
https://tinyurl.com/tBMsKJw,1
https://www.irs.gov/blog/2024/updates,0
https://www.spotify.com/careers,0
http://microsoft.com@235.209.20.6/password,1
https://www.netflix.com/search?q=news,0
https://harvard.edu/en/home,0
https://www.python.org/careers,0
http://138.137.2.161/secure/usps-account.php,1
http://108.163.234.245/account/bankofamerica-account.php,1
http://secure-microsoft-banking.com/banking?ref=hjw6qdbtfbsciqup06id&id=4731,1
https://t.co/ycRJlTn,1
https://tinyurl.com/yM0KFFE,1
https://figma.com/support/help-center,0
http://chase.com@51.38.205.246/confirm,1
https://www.apple.com/docs/getting-started,0
https://www.who.int/products,0
http://usps.com@68.213.134.250/update,1
http://netflix-login-support.ml/login.html,1
http://141.165.97.104/webscr/netflix-account.php,1
https://nytimes.com/about,0
https://www.notion.so/pricing,0
https://www.nasa.gov/search?q=news,0
https://www.stackoverflow.com/en/home,0
https://www.wordpress.org/blog/2024/updates,0
https://www.wikipedia.org/en/home,0
https://who.int/support/help-center,0
https://www.linkedin.com/support/help-center,0
https://www.reddit.com/blog/2024/updates,0
http://chase.com@169.196.231.166/secure,1
http://instagram.com@172.117.244.88/update,1
http://facebook469.cf/password,1
http://google-signin-support.xyz/signin.html,1
https://github.com/products,0
https://reddit.com,0
https://who.int/news/latest,0
https://www.cloudflare.com,0
https://www.github.com/pricing,0
http://google.com@206.131.115.125/banking,1
http://paypal.com@230.208.200.72/update,1
http://usps513.ml/secure,1
http://instagram744.club/update,1
http://dhl-banking-support.ml/banking.html,1
http://secure-bankofamerica-password.com/password?ref=u13i59sojuv0gyubmxns&id=7821,1
http://apple.com@145.219.125.202/password,1
https://www.apple.com/careers,0
http://facebook137.tk/update,1
http://secure-wellsfargo-signin.com/signin?ref=2xrw6tm2o04k0lthy25m&id=3446,1
https://www.stackoverflow.com/about,0
https://wordpress.org/blog/2024/updates,0
http://facebook-password-support.top/password.html,1
https://www.microsoft.com/search?q=news,0
http://37.90.80.88/verify/dhl-account.php,1
http://secure-chase-account.com/account?ref=64qhkswva984uvkyrmjl&id=5536,1
https://stackoverflow.com/news/latest,0
https://www.apple.com,0
http://instagram646.cf/update,1
http://facebook436.ml/banking,1
https://linkedin.com/products,0
http://98.97.142.122/verify/chase-account.php,1
https://www.un.org/blog/2024/updates,0
http://google.com@196.162.247.13/confirm,1
https://www.cloudflare.com/careers,0
https://www.bbc.co.uk/docs/getting-started,0
http://secure-wellsfargo-secure.com/secure?ref=ft4mpk5eaxf5x9ee346z&id=7974,1
https://bit.ly/krsWw6S,1
https://dropbox.com/blog/2024/updates,0
http://google.com@82.70.37.242/banking,1
https://microsoft.com/search?q=news,0
http://instagram.com@177.47.81.141/banking,1
http://paypal383.top/signin,1
https://www.github.com/products,0
https://harvard.edu/search?q=news,0
https://www.dropbox.com/pricing,0
https://www.google.com/support/help-center,0
https://www.github.com/careers,0
https://www.spotify.com/pricing,0
https://www.reddit.com/products,0
https://reddit.com/contact,0
https://www.linkedin.com/docs/getting-started,0
https://www.github.com/careers,0
http://secure-usps-verify.com/verify?ref=mruyp04k43safyh1fkj4&id=5835,1
http://34.123.19.59/confirm/dhl-account.php,1
http://google.com@49.192.101.76/password,1
http://paypal-verify-support.cf/verify.html,1
https://spotify.com/en/home,0
http://wellsfargo-confirm-support.ga/confirm.html,1
https://nytimes.com/contact,0
https://bit.ly/17QDikX,1
https://www.un.org/contact,0
http://chase-password-support.ga/password.html,1
http://amazon-account-support.club/account.html,1
http://amazon-confirm-support.tk/confirm.html,1
https://tinyurl.com/bJrgCzV,1
https://ow.ly/6ht2TV2,1
http://106.223.52.97/update/dhl-account.php,1
http://secure-google-banking.com/banking?ref=hgcsotdhhlmh1t939ayq&id=4994,1
https://www.irs.gov/contact,0
https://www.python.org/docs/getting-started,0
https://www.dropbox.com/about,0
https://is.gd/uCo6iVg,1
https://www.figma.com/docs/getting-started,0
https://t.co/UbQws98,1
http://netflix.com@218.58.77.220/signin,1
https://goo.gl/NRXho8W,1
https://www.nasa.gov/pricing,0
https://www.cloudflare.com/news/latest,0
http://33.180.222.34/account/instagram-account.php,1
https://www.figma.com/pricing,0
https://is.gd/VukeWxu,1
http://instagram999.xyz/update,1
https://www.stackoverflow.com/contact,0
http://secure-facebook-account.com/account?ref=icwmpeqydbpgvv4zwl3z&id=9740,1
https://t.co/hPE7tyy,1
http://apple-webscr-support.gq/webscr.html,1
https://www.spotify.com/news/latest,0
https://bit.ly/pKCPoPV,1
https://t.co/okQKSLf,1
http://amazon670.ga/confirm,1
https://t.co/CXSVtmt,1
https://netflix.com/about,0
https://wordpress.org/products,0
http://netflix756.cf/account,1
http://secure-apple-login.com/login?ref=d6rupw2w5506rr5pcxa5&id=9598,1
https://www.harvard.edu/support/help-center,0
https://ow.ly/SkBBT4M,1
https://harvard.edu/en/home,0
https://www.amazon.com/products,0
http://31.137.2.165/confirm/instagram-account.php,1
http://secure-apple-webscr.com/webscr?ref=vq05pxt6ridlofas1ekt&id=9059,1
https://www.wordpress.org/docs/getting-started,0
https://irs.gov/blog/2024/updates,0
http://instagram945.club/verify,1
http://secure-amazon-verify.com/verify?ref=t0uum3i8qoagsusmesjt&id=5098,1
http://72.193.181.208/update/netflix-account.php,1
https://who.int/search?q=news,0
http://secure-facebook-login.com/login?ref=sez2nx1wvbd4bepejzhy&id=1152,1
http://paypal-update-support.cf/update.html,1
https://www.github.com/products,0
https://www.spotify.com/pricing,0
https://ow.ly/yh8ZU8C,1
https://reddit.com/en/home,0
https://goo.gl/7ekxTH3,1
http://92.197.150.60/signin/google-account.php,1
https://www.spotify.com/products,0
https://www.reddit.com/careers,0
http://secure-microsoft-webscr.com/webscr?ref=ggz62fe9upnhzx9fq9te&id=1408,1
https://www.cloudflare.com/blog/2024/updates,0
https://www.google.com/pricing,0
https://www.cloudflare.com/en/home,0
https://www.stackoverflow.com/news/latest,0
http://secure-dhl-verify.com/verify?ref=casbuov6tt9q1ni10kqs&id=7500,1
http://apple898.gq/signin,1
https://www.python.org/about,0
https://www.wikipedia.org/contact,0
https://www.who.int/docs/getting-started,0
https://www.who.int/about,0
https://www.microsoft.com/careers,0
https://www.irs.gov/careers,0
http://netflix-login-support.tk/login.html,1
http://apple.com@155.82.236.208/login,1
https://is.gd/MFeYVGS,1
https://www.bbc.co.uk/en/home,0
https://www.reddit.com/products,0
https://www.github.com/blog/2024/updates,0
https://www.microsoft.com/about,0
https://www.cloudflare.com/search?q=news,0
https://www.notion.so,0
https://www.amazon.com/news/latest,0
http://bankofamerica.com@27.21.84.170/account,1
http://facebook-account-support.ga/account.html,1
https://ow.ly/cxlR3Nw,1
https://microsoft.com/search?q=news,0
http://apple-confirm-support.tk/confirm.html,1
https://mozilla.org/support/help-center,0
http://paypal.com@188.207.148.98/account,1
https://www.python.org/products,0
https://www.apple.com/en/home,0
http://apple649.top/verify,1
http://103.178.152.251/secure/chase-account.php,1
http://wellsfargo-login-support.xyz/login.html,1
https://www.python.org/pricing,0
http://secure-amazon-account.com/account?ref=hvqrhofu1wsgy7vcneas&id=9263,1
http://bankofamerica.com@89.42.215.229/webscr,1
https://bit.ly/gkcsXtT,1
https://who.int/search?q=news,0
https://spotify.com/en/home,0
https://www.google.com/contact,0
https://t.co/dNJMDmh,1
https://www.harvard.edu/contact,0
http://paypal-verify-support.cf/verify.html,1
http://facebook917.ml/banking,1
http://wellsfargo.com@90.185.55.161/secure,1
http://77.83.95.230/verify/usps-account.php,1
https://www.google.com/search?q=news,0
https://www.stackoverflow.com,0
https://www.mozilla.org/pricing,0
https://www.dropbox.com/contact,0
https://www.netflix.com/search?q=news,0
https://www.dropbox.com/support/help-center,0
https://www.github.com/pricing,0
http://amazon534.top/secure,1
http://usps438.gq/password,1
https://www.irs.gov/news/latest,0
http://wellsfargo.com@47.253.196.235/account,1
https://www.stackoverflow.com/support/help-center,0
http://facebook.com@187.37.178.179/signin,1
https://is.gd/xTtm8A7,1
https://bit.ly/PqLiZgS,1
http://facebook.com@11.212.222.8/banking,1
http://google-secure-support.cf/secure.html,1
https://dropbox.com/support/help-center,0
http://chase980.xyz/webscr,1
http://109.123.241.139/webscr/usps-account.php,1
https://www.reddit.com/news/latest,0
https://www.amazon.com/support/help-center,0
http://101.221.176.199/webscr/bankofamerica-account.php,1
http://secure-apple-account.com/account?ref=55dmcxxbw01pddhcvsqa&id=6629,1
http://bankofamerica191.cf/confirm,1
http://69.199.101.19/secure/paypal-account.php,1
http://google773.cf/update,1
https://apple.com/support/help-center,0
https://www.bbc.co.uk/contact,0
https://www.reddit.com/en/home,0
https://www.amazon.com/en/home,0
http://dhl.com@24.96.209.88/account,1
https://www.irs.gov/docs/getting-started,0
http://apple329.gq/password,1
http://usps.com@37.51.155.131/banking,1
https://www.nasa.gov/support/help-center,0
https://cloudflare.com,0
https://is.gd/o78QUij,1
https://github.com/search?q=news,0
http://secure-chase-login.com/login?ref=l08kg68a1arr3vrhxqpv&id=1107,1
http://bankofamerica281.cf/login,1
https://cloudflare.com/docs/getting-started,0
http://secure-microsoft-signin.com/signin?ref=t4p501nouhtcs1k9ye9o&id=6555,1
http://amazon713.ga/secure,1
http://111.155.211.47/confirm/amazon-account.php,1
http://wellsfargo.com@208.205.179.211/confirm,1
http://secure-bankofamerica-confirm.com/confirm?ref=s0fb4ypeixn8bfqnpcen&id=6150,1
https://www.bbc.co.uk/support/help-center,0
http://242.79.114.93/verify/paypal-account.php,1
https://stackoverflow.com/docs/getting-started,0
http://201.28.128.51/account/amazon-account.php,1
http://102.135.196.22/login/usps-account.php,1
https://netflix.com/contact,0
https://t.co/3LVvSbY,1
http://facebook.com@185.107.76.40/password,1
https://www.cloudflare.com/en/home,0
https://www.irs.gov/about,0
https://www.harvard.edu/careers,0
http://253.158.229.124/banking/facebook-account.php,1
http://12.203.52.227/account/netflix-account.php,1
https://www.nytimes.com/products,0
https://spotify.com/about,0
https://un.org/pricing,0
https://www.mozilla.org/products,0
https://www.harvard.edu/pricing,0
http://161.204.31.189/login/wellsfargo-account.php,1
http://secure-google-password.com/password?ref=uhywm7s6nbnqbnxzu1em&id=9841,1
http://amazon.com@220.128.115.81/signin,1
http://120.29.134.35/banking/amazon-account.php,1
http://usps821.gq/banking,1
https://www.notion.so/news/latest,0
http://amazon-update-support.ga/update.html,1
https://goo.gl/23YbIrj,1
http://secure-usps-secure.com/secure?ref=eurxhw0ic1l7dypmlvak&id=6729,1
http://190.38.5.67/password/netflix-account.php,1
https://www.amazon.com/products,0
https://un.org/products,0
http://facebook.com@73.83.105.165/secure,1
https://www.stackoverflow.com/blog/2024/updates,0
http://secure-paypal-update.com/update?ref=dlrye89fx5rx1kkc1xi0&id=1611,1
http://114.208.33.24/update/instagram-account.php,1
http://dhl.com@246.31.23.220/verify,1
http://secure-chase-verify.com/verify?ref=v20yar821uzvgww4fyb8&id=2800,1
https://figma.com/blog/2024/updates,0
http://amazon-signin-support.club/signin.html,1
https://github.com,0
https://www.dropbox.com/support/help-center,0
http://netflix-banking-support.gq/banking.html,1
http://microsoft.com@121.35.32.178/verify,1
http://secure-google-confirm.com/confirm?ref=kb4ehou6qlz2rwgwaj1g&id=3595,1
http://secure-usps-confirm.com/confirm?ref=htugur9u1oe5ei28ds22&id=1852,1
https://www.reddit.com/careers,0
https://tinyurl.com/dhtzF3R,1
https://www.stackoverflow.com/contact,0
https://www.linkedin.com/pricing,0
http://wellsfargo.com@141.168.242.176/update,1
https://www.irs.gov/docs/getting-started,0
http://paypal531.ml/webscr,1
https://www.github.com/news/latest,0
https://apple.com/pricing,0
https://bit.ly/nOG61HT,1
https://www.stackoverflow.com/about,0
https://www.python.org/blog/2024/updates,0
https://www.netflix.com/blog/2024/updates,0
https://www.figma.com/blog/2024/updates,0
http://usps.com@221.85.113.86/confirm,1
http://bankofamerica346.tk/account,1
http://76.107.236.247/signin/amazon-account.php,1
http://chase-password-support.xyz/password.html,1
http://dhl-banking-support.top/banking.html,1
https://www.dropbox.com/about,0
http://netflix.com@190.131.1.12/verify,1
https://ow.ly/pRsZe9O,1
https://cloudflare.com/pricing,0
http://147.134.44.176/webscr/netflix-account.php,1
http://usps215.cf/verify,1
https://www.un.org/en/home,0
https://www.netflix.com/en/home,0
https://www.google.com/about,0
https://www.un.org/docs/getting-started,0
http://secure-facebook-account.com/account?ref=r8kk791zyrru7zkut6om&id=3399,1
https://www.microsoft.com/careers,0
https://is.gd/N8WurWw,1
http://microsoft.com@179.112.187.245/verify,1
http://86.90.226.210/login/usps-account.php,1
https://reddit.com/support/help-center,0
https://goo.gl/r2cMpsz,1
https://www.github.com/pricing,0
http://secure-wellsfargo-banking.com/banking?ref=5p1v3zo7utxzbdq55it9&id=1643,1
https://www.reddit.com/contact,0
http://facebook-webscr-support.ml/webscr.html,1
https://is.gd/nKuLqIo,1
http://instagram344.gq/password,1
http://62.22.143.193/signin/wellsfargo-account.php,1
https://www.reddit.com/search?q=news,0
http://usps.com@159.62.83.185/banking,1
https://tinyurl.com/YsRLn1j,1
http://wellsfargo901.club/webscr,1
https://is.gd/mGWVmf0,1
http://bankofamerica-banking-support.club/banking.html,1
http://164.16.93.143/signin/usps-account.php,1
https://www.amazon.com,0
http://netflix301.tk/secure,1
https://www.nasa.gov/contact,0
https://www.who.int/careers,0
https://github.com/news/latest,0
http://167.150.65.67/secure/chase-account.php,1
http://facebook761.cf/verify,1
http://amazon285.ga/confirm,1
http://usps-banking-support.club/banking.html,1
http://netflix-banking-support.top/banking.html,1
http://apple.com@2.239.105.7/update,1
https://www.mozilla.org,0
http://219.36.170.166/login/paypal-account.php,1
https://www.figma.com/support/help-center,0
https://www.nytimes.com/blog/2024/updates,0
http://secure-wellsfargo-signin.com/signin?ref=p422ta83ru7myow8dt8c&id=8530,1
http://4.106.26.135/login/amazon-account.php,1
http://microsoft.com@12.237.20.176/signin,1
http://229.214.56.244/password/instagram-account.php,1
https://www.who.int/support/help-center,0
http://microsoft764.club/confirm,1
http://dhl-password-support.ml/password.html,1
http://instagram-update-support.xyz/update.html,1
https://ow.ly/vJlPGw7,1
https://www.mozilla.org/search?q=news,0
https://tinyurl.com/ZZwWhe7,1
http://secure-dhl-signin.com/signin?ref=x5ggomf9pml9ln1p0vuh&id=5162,1
http://73.66.203.18/update/dhl-account.php,1
https://www.google.com/about,0
https://www.irs.gov/pricing,0
http://secure-dhl-banking.com/banking?ref=ct64z7w2sehe2atn2twd&id=6067,1
https://www.reddit.com/pricing,0
http://secure-wellsfargo-webscr.com/webscr?ref=1231yv2stn7e36htf4py&id=9008,1
http://secure-microsoft-banking.com/banking?ref=3ueybisbo551ldqnk20i&id=7033,1
https://www.harvard.edu/about,0
https://www.nytimes.com/docs/getting-started,0
http://amazon-verify-support.tk/verify.html,1
https://www.microsoft.com/products,0
https://www.who.int/support/help-center,0
https://www.apple.com/news/latest,0
https://www.github.com/news/latest,0
https://www.amazon.com/products,0
https://nytimes.com/pricing,0
http://facebook.com@38.113.12.237/signin,1
http://215.100.169.126/password/instagram-account.php,1
https://www.figma.com/pricing,0
https://www.wordpress.org/pricing,0
https://www.wikipedia.org/blog/2024/updates,0
http://secure-bankofamerica-confirm.com/confirm?ref=v6cj9io3m25a5piskffv&id=2938,1
https://www.spotify.com,0
https://www.nytimes.com/about,0
http://microsoft-webscr-support.cf/webscr.html,1
http://128.24.176.159/update/apple-account.php,1
http://secure-amazon-account.com/account?ref=xnnngbpj4ufzdy3o1icn&id=9561,1
http://40.22.168.239/account/facebook-account.php,1
http://dhl.com@148.57.115.96/password,1
http://bankofamerica-banking-support.ga/banking.html,1
https://www.spotify.com/blog/2024/updates,0
https://www.python.org/products,0
http://206.29.79.116/banking/dhl-account.php,1
http://214.136.49.5/banking/usps-account.php,1
https://www.nasa.gov,0
https://www.dropbox.com/search?q=news,0
http://102.121.126.230/account/usps-account.php,1
https://www.apple.com,0
http://google537.tk/secure,1
https://amazon.com/en/home,0
https://tinyurl.com/mxIOzES,1
https://www.cloudflare.com/news/latest,0
https://www.apple.com/products,0
https://apple.com/support/help-center,0
